{
  "run_tag": "auto_wavlm_silero",
  "timestamp": "20260502_222102",
  "events_source": "wavlm+silero",
  "iou_threshold": 0.3,
  "aggregate": {
    "n_gt": 160,
    "n_detected": 11,
    "n_matched": 5,
    "recall": 0.03125,
    "precision": 0.45454545454545453,
    "mean_iou": 0.5072555555555571
  }
}