{
  "run_tag": "auto_silero",
  "timestamp": "20260502_220824",
  "events_source": "silero",
  "iou_threshold": 0.3,
  "aggregate": {
    "n_gt": 160,
    "n_detected": 301,
    "n_matched": 43,
    "recall": 0.26875,
    "precision": 0.14285714285714285,
    "mean_iou": 0.5320646171393227
  }
}