{
  "run_tag": "benchmark",
  "timestamp": "20260502_210448",
  "n_files_with_gt": 40,
  "iou_threshold": 0.3,
  "methods": {
    "A_rms": {
      "recall": 0.51875,
      "precision": 0.14188034188034188,
      "f1": 0.22281879194630874,
      "mean_iou": 0.5540932152950364,
      "avg_det_per_file": 14.625,
      "available": true
    },
    "B_mfcc": {
      "recall": 0.53125,
      "precision": 0.4358974358974359,
      "f1": 0.47887323943661975,
      "mean_iou": 0.4741384029063481,
      "avg_det_per_file": 4.875,
      "available": true
    },
    "C_wavlm": {
      "recall": 0.01875,
      "precision": 0.16666666666666666,
      "f1": 0.033707865168539325,
      "mean_iou": 0.45344526445264516,
      "avg_det_per_file": 0.45,
      "available": true
    },
    "D_silero": {
      "recall": 0.3,
      "precision": 0.15946843853820597,
      "f1": 0.20824295010845986,
      "mean_iou": 0.565024461785176,
      "avg_det_per_file": 7.525,
      "available": true
    },
    "union": {
      "recall": 0.625,
      "precision": 0.14947683109118087,
      "f1": 0.24125452352231605,
      "mean_iou": 0.517695968727797,
      "avg_det_per_file": 16.725,
      "available": true
    }
  }
}